{
  "model_name": "catboost",
  "optimization_type": "nested_cross_validation",
  "configuration": {
    "outer_cv_folds": 5,
    "n_trials_per_fold": 30,
    "data_source": "ana",
    "classification_type": "binary",
    "timestamp": "2025-11-14T16:14:04.298874"
  },
  "aggregated_metrics": {
    "accuracy": {
      "mean": 0.6813913043478261,
      "std": 0.0037137663485326423,
      "scores": [
        0.6834782608695652,
        0.6765217391304348,
        0.6869565217391305,
        0.6817391304347826,
        0.6782608695652174
      ]
    },
    "precision": {
      "mean": 0.5883052828424498,
      "std": 0.027888723977585145,
      "scores": [
        0.5869565217391305,
        0.5666666666666667,
        0.625,
        0.6129032258064516,
        0.55
      ]
    },
    "recall": {
      "mean": 0.1159120022277917,
      "std": 0.019411114211065436,
      "scores": [
        0.14210526315789473,
        0.08947368421052632,
        0.13157894736842105,
        0.1,
        0.1164021164021164
      ]
    },
    "f1": {
      "mean": 0.19296715151280938,
      "std": 0.02756924725905278,
      "scores": [
        0.2288135593220339,
        0.15454545454545454,
        0.21739130434782608,
        0.17194570135746606,
        0.19213973799126638
      ]
    },
    "roc_auc": {
      "mean": 0.6232129648977208,
      "std": 0.015147441311934495,
      "scores": [
        0.6286466165413533,
        0.6465618591934381,
        0.623984962406015,
        0.6166575529733425,
        0.6002138333744551
      ]
    }
  },
  "best_params_per_fold": [
    {
      "iterations": 505,
      "learning_rate": 0.010358691918226467,
      "depth": 5,
      "l2_leaf_reg": 6.836557861480792,
      "border_count": 34,
      "bagging_temperature": 0.272503597649422,
      "random_strength": 0.6158605044132484
    },
    {
      "iterations": 240,
      "learning_rate": 0.014575651730789453,
      "depth": 5,
      "l2_leaf_reg": 2.083246620958991,
      "border_count": 194,
      "bagging_temperature": 0.436100288591345,
      "random_strength": 0.34626915136406183
    },
    {
      "iterations": 344,
      "learning_rate": 0.010965525856051553,
      "depth": 7,
      "l2_leaf_reg": 6.673746102770087,
      "border_count": 206,
      "bagging_temperature": 0.23421672899817952,
      "random_strength": 0.28600373097610393
    },
    {
      "iterations": 166,
      "learning_rate": 0.013187208557507622,
      "depth": 7,
      "l2_leaf_reg": 1.4932665130807288,
      "border_count": 207,
      "bagging_temperature": 0.16689977575480586,
      "random_strength": 0.4382044750951135
    },
    {
      "iterations": 194,
      "learning_rate": 0.03950295190938402,
      "depth": 7,
      "l2_leaf_reg": 8.450790974005903,
      "border_count": 55,
      "bagging_temperature": 0.8223600846353194,
      "random_strength": 0.9804743286828838
    }
  ],
  "trials": [],
  "test_predictions": {},
  "nested_cv_summary": {
    "mean_accuracy": 0.6813913043478261,
    "std_accuracy": 0.0037137663485326423,
    "mean_f1": 0.19296715151280938,
    "std_f1": 0.02756924725905278,
    "mean_roc_auc": 0.6232129648977208,
    "std_roc_auc": 0.015147441311934495
  }
}