{
  "model_name": "Histogram Gradient Boosting",
  "timestamp": "20251012_160325",
  "parameters": {
    "categorical_features": "from_dtype",
    "class_weight": null,
    "early_stopping": "auto",
    "interaction_cst": null,
    "l2_regularization": 0.0,
    "learning_rate": 0.1,
    "loss": "log_loss",
    "max_bins": 255,
    "max_depth": null,
    "max_features": 1.0,
    "max_iter": 100,
    "max_leaf_nodes": 31,
    "min_samples_leaf": 20,
    "monotonic_cst": null,
    "n_iter_no_change": 10,
    "random_state": 30,
    "scoring": "loss",
    "tol": 1e-07,
    "validation_fraction": 0.1,
    "verbose": 0,
    "warm_start": false
  },
  "cv_results": {
    "accuracy": {
      "mean": 0.6629550321199144,
      "std": 0.005174752022952716,
      "scores": [
        0.6702355460385439,
        0.6552462526766595,
        0.6638115631691649,
        0.6659528907922913,
        0.6595289079229122
      ]
    },
    "precision": {
      "mean": 0.4780527735846424,
      "std": 0.015217121501497876,
      "scores": [
        0.5,
        0.45454545454545453,
        0.47761194029850745,
        0.4868421052631579,
        0.47126436781609193
      ]
    },
    "recall": {
      "mean": 0.225974025974026,
      "std": 0.026741896470096095,
      "scores": [
        0.18831168831168832,
        0.22727272727272727,
        0.2077922077922078,
        0.24025974025974026,
        0.2662337662337662
      ]
    },
    "f1": {
      "mean": 0.30563921239241204,
      "std": 0.02344702877106497,
      "scores": [
        0.27358490566037735,
        0.30303030303030304,
        0.2895927601809955,
        0.3217391304347826,
        0.34024896265560167
      ]
    },
    "roc_auc": {
      "mean": 0.6135969461848056,
      "std": 0.0059715499431678845,
      "scores": [
        0.6042902784116841,
        0.6222563379112901,
        0.6107837849051907,
        0.6141446413011908,
        0.6165096883946724
      ]
    },
    "pr_auc": {
      "mean": 0.4479381732010303,
      "std": 0.009671642512736184,
      "scores": [
        0.44816475690880964,
        0.44288543249703927,
        0.4330859554295195,
        0.45404143859757873,
        0.4615132825722046
      ]
    }
  },
  "test_metrics": {
    "accuracy": 0.666095890410959,
    "precision": 0.48936170212765956,
    "recall": 0.23834196891191708,
    "f1_score": 0.3205574912891986,
    "roc_auc": 0.6352384612326571,
    "pr_auc": 0.46117515959653965
  }
}