{
  "model_name": "Multi-Layer Perceptron",
  "timestamp": "20251013_213436",
  "parameters": {
    "activation": "relu",
    "alpha": 0.0001,
    "batch_size": "auto",
    "beta_1": 0.9,
    "beta_2": 0.999,
    "early_stopping": false,
    "epsilon": 1e-08,
    "hidden_layer_sizes": [
      100
    ],
    "learning_rate": "constant",
    "learning_rate_init": 0.001,
    "max_fun": 15000,
    "max_iter": 1000,
    "momentum": 0.9,
    "n_iter_no_change": 10,
    "nesterovs_momentum": true,
    "power_t": 0.5,
    "random_state": 30,
    "shuffle": true,
    "solver": "adam",
    "tol": 0.0001,
    "validation_fraction": 0.1,
    "verbose": false,
    "warm_start": false
  },
  "cv_results": {
    "accuracy": {
      "mean": 0.6192719486081371,
      "std": 0.020778602947680015,
      "scores": [
        0.6423982869379015,
        0.6316916488222698,
        0.6124197002141327,
        0.6274089935760171,
        0.582441113490364
      ]
    },
    "precision": {
      "mean": 0.40801922087957115,
      "std": 0.03638848040214764,
      "scores": [
        0.45038167938931295,
        0.4307692307692308,
        0.3865546218487395,
        0.42424242424242425,
        0.34814814814814815
      ]
    },
    "recall": {
      "mean": 0.34285714285714286,
      "std": 0.034212830837193495,
      "scores": [
        0.38311688311688313,
        0.36363636363636365,
        0.2987012987012987,
        0.36363636363636365,
        0.3051948051948052
      ]
    },
    "f1": {
      "mean": 0.372453105815612,
      "std": 0.0348154769647277,
      "scores": [
        0.41403508771929826,
        0.39436619718309857,
        0.336996336996337,
        0.3916083916083916,
        0.32525951557093424
      ]
    },
    "roc_auc": {
      "mean": 0.5873656694742957,
      "std": 0.033275873210357604,
      "scores": [
        0.6086884361644744,
        0.6188539894610182,
        0.5543545910958051,
        0.6149122443052155,
        0.5400190863449649
      ]
    },
    "pr_auc": {
      "mean": 0.40959512945253473,
      "std": 0.030407267178411832,
      "scores": [
        0.4282328197079558,
        0.4431943523801597,
        0.382118486923427,
        0.42950459632812354,
        0.364925391923008
      ]
    }
  },
  "test_metrics": {
    "accuracy": 0.6301369863013698,
    "precision": 0.4319526627218935,
    "recall": 0.37823834196891193,
    "f1_score": 0.40331491712707185,
    "roc_auc": 0.590010998767608,
    "pr_auc": 0.4031153603770868
  }
}