{
  "params": {
    "kernel": "rbf",
    "C": 0.3378198845315039,
    "probability": true,
    "max_iter": 1000,
    "tol": 0.001,
    "cache_size": 200,
    "gamma": "scale"
  },
  "cv_score": 0.36664972595845324,
  "training_time": 3.4801557064056396,
  "omics_used": [
    "CNA"
  ],
  "accuracy_global": 0.6695205479452054
}