{
  "params": {
    "kernel": "rbf",
    "C": 0.3378198845315039,
    "probability": true,
    "max_iter": 1000,
    "tol": 0.001,
    "cache_size": 200,
    "gamma": "scale"
  },
  "cv_score": 0.3894493957564308,
  "training_time": 4.778433084487915,
  "omics_used": [
    "CNA",
    "Gene_Expression",
    "DNA_Methylation"
  ],
  "accuracy_global": 0.6695205479452054
}