{
  "params": {
    "kernel": "rbf",
    "C": 0.3378198845315039,
    "probability": true,
    "max_iter": 1000,
    "tol": 0.001,
    "cache_size": 200,
    "gamma": "scale"
  },
  "cv_score": 0.31344473993599975,
  "training_time": 4.1659016609191895,
  "omics_used": [
    "DNA_Methylation"
  ],
  "accuracy_global": 0.6695205479452054
}