{
  "params": {
    "kernel": "rbf",
    "C": 0.3378198845315039,
    "probability": true,
    "max_iter": 1000,
    "tol": 0.001,
    "cache_size": 200,
    "gamma": "scale"
  },
  "cv_score": 0.4466405002747319,
  "training_time": 3.3380978107452393,
  "omics_used": [
    "Mutations"
  ],
  "accuracy_global": 0.6763698630136986
}