{
  "params": {
    "kernel": "rbf",
    "C": 0.3378198845315039,
    "probability": true,
    "max_iter": 1000,
    "tol": 0.001,
    "cache_size": 200,
    "gamma": "scale"
  },
  "cv_score": 0.34467008511301805,
  "training_time": 4.064669132232666,
  "omics_used": [
    "Gene_Expression"
  ],
  "accuracy_global": 0.6695205479452054
}