{
  "model_name": "Random Forest",
  "timestamp": "20250826_221408",
  "parameters": {
    "bootstrap": true,
    "ccp_alpha": 0.0,
    "class_weight": null,
    "criterion": "gini",
    "max_depth": null,
    "max_features": "sqrt",
    "max_leaf_nodes": null,
    "max_samples": null,
    "min_impurity_decrease": 0.0,
    "min_samples_leaf": 1,
    "min_samples_split": 2,
    "min_weight_fraction_leaf": 0.0,
    "monotonic_cst": null,
    "n_estimators": 100,
    "n_jobs": null,
    "oob_score": false,
    "random_state": 30,
    "verbose": 0,
    "warm_start": false
  },
  "cv_results": {
    "accuracy": {
      "mean": 0.9373417721518986,
      "std": 0.0017297582703172457,
      "scores": [
        0.9403254972875226,
        0.9353526220614828,
        0.9380650994575045,
        0.9362567811934901,
        0.9367088607594937
      ]
    },
    "precision": {
      "mean": 0.7673160173160174,
      "std": 0.14455569002887486,
      "scores": [
        1.0,
        0.5714285714285714,
        0.6818181818181818,
        0.8333333333333334,
        0.75
      ]
    },
    "recall": {
      "mean": 0.06888049126121872,
      "std": 0.02469819302217961,
      "scores": [
        0.0896551724137931,
        0.05517241379310345,
        0.10344827586206896,
        0.034482758620689655,
        0.06164383561643835
      ]
    },
    "f1": {
      "mean": 0.12499516552032519,
      "std": 0.04176474131001081,
      "scores": [
        0.16455696202531644,
        0.10062893081761007,
        0.17964071856287425,
        0.06622516556291391,
        0.11392405063291139
      ]
    },
    "roc_auc": {
      "mean": 0.74366060168477,
      "std": 0.028795456110725415,
      "scores": [
        0.7267303938741805,
        0.728740636938425,
        0.7915402966151177,
        0.7603006189213085,
        0.7109910620748187
      ]
    },
    "pr_auc": {
      "mean": 0.28452470123992446,
      "std": 0.039877672231650466,
      "scores": [
        0.348742343613291,
        0.23844996238449118,
        0.2941300638803656,
        0.29542061490708366,
        0.2458805214143907
      ]
    }
  },
  "test_metrics": {
    "accuracy": 0.9370705244122965,
    "precision": 0.6296296296296297,
    "recall": 0.09392265193370165,
    "f1_score": 0.16346153846153846,
    "roc_auc": 0.7582124591622051,
    "pr_auc": 0.2650445822398419
  }
}