{
  "model_name": "Support Vector Classifier",
  "timestamp": "20251012_160507",
  "parameters": {
    "C": 1.0,
    "break_ties": false,
    "cache_size": 200,
    "class_weight": null,
    "coef0": 0.0,
    "decision_function_shape": "ovr",
    "degree": 3,
    "gamma": "scale",
    "kernel": "rbf",
    "max_iter": -1,
    "probability": true,
    "random_state": 30,
    "shrinking": true,
    "tol": 0.001,
    "verbose": false
  },
  "cv_results": {
    "accuracy": {
      "mean": 0.6753747323340471,
      "std": 0.004807268591144286,
      "scores": [
        0.683083511777302,
        0.6723768736616702,
        0.6702355460385439,
        0.6788008565310493,
        0.6723768736616702
      ]
    },
    "precision": {
      "mean": 0.6519298245614035,
      "std": 0.13884543487665713,
      "scores": [
        0.8,
        0.6,
        0.5,
        0.8333333333333334,
        0.5263157894736842
      ]
    },
    "recall": {
      "mean": 0.03766233766233766,
      "std": 0.01808881594439496,
      "scores": [
        0.05194805194805195,
        0.01948051948051948,
        0.01948051948051948,
        0.032467532467532464,
        0.06493506493506493
      ]
    },
    "f1": {
      "mean": 0.07018075221650896,
      "std": 0.0316003547610178,
      "scores": [
        0.0975609756097561,
        0.03773584905660377,
        0.0375,
        0.0625,
        0.11560693641618497
      ]
    },
    "roc_auc": {
      "mean": 0.5730799551885813,
      "std": 0.030594876289433536,
      "scores": [
        0.5876312186216339,
        0.6100991660097091,
        0.5381934359570143,
        0.5942492012779553,
        0.5352267540765943
      ]
    },
    "pr_auc": {
      "mean": 0.4163084502339188,
      "std": 0.030309227493664225,
      "scores": [
        0.4342328165384255,
        0.46190590574367196,
        0.3890644605521627,
        0.4180763166052522,
        0.3782627517300816
      ]
    }
  },
  "test_metrics": {
    "accuracy": 0.6678082191780822,
    "precision": 0.4444444444444444,
    "recall": 0.02072538860103627,
    "f1_score": 0.039603960396039604,
    "roc_auc": 0.6034414216238422,
    "pr_auc": 0.41936412578584115
  }
}