{
  "model_name": "Gradient Boosting",
  "timestamp": "20250826_221722",
  "parameters": {
    "ccp_alpha": 0.0,
    "criterion": "friedman_mse",
    "init": null,
    "learning_rate": 0.1,
    "loss": "log_loss",
    "max_depth": 3,
    "max_features": null,
    "max_leaf_nodes": null,
    "min_impurity_decrease": 0.0,
    "min_samples_leaf": 1,
    "min_samples_split": 2,
    "min_weight_fraction_leaf": 0.0,
    "n_estimators": 100,
    "n_iter_no_change": null,
    "random_state": 30,
    "subsample": 1.0,
    "tol": 0.0001,
    "validation_fraction": 0.1,
    "verbose": 0,
    "warm_start": false
  },
  "cv_results": {
    "accuracy": {
      "mean": 0.9358047016274865,
      "std": 0.002375031742597392,
      "scores": [
        0.939873417721519,
        0.933996383363472,
        0.933996383363472,
        0.9371609403254972,
        0.933996383363472
      ]
    },
    "precision": {
      "mean": 0.5671211547073616,
      "std": 0.09982442480582086,
      "scores": [
        0.7307692307692307,
        0.4827586206896552,
        0.4857142857142857,
        0.6363636363636364,
        0.5
      ]
    },
    "recall": {
      "mean": 0.10745394426074632,
      "std": 0.014305717670465163,
      "scores": [
        0.1310344827586207,
        0.09655172413793103,
        0.11724137931034483,
        0.09655172413793103,
        0.0958904109589041
      ]
    },
    "f1": {
      "mean": 0.18012297244591277,
      "std": 0.023417689997035036,
      "scores": [
        0.2222222222222222,
        0.16091954022988506,
        0.18888888888888888,
        0.16766467065868262,
        0.16091954022988506
      ]
    },
    "roc_auc": {
      "mean": 0.7481090293092993,
      "std": 0.01990817485448187,
      "scores": [
        0.7547653604257378,
        0.7393523847655272,
        0.7825884590360842,
        0.7405118195619171,
        0.7233271227572307
      ]
    },
    "pr_auc": {
      "mean": 0.2696974763234925,
      "std": 0.038137287677391433,
      "scores": [
        0.33917188329368925,
        0.23541444863150607,
        0.2664092310572483,
        0.2731176259235153,
        0.2343741927115034
      ]
    }
  },
  "test_metrics": {
    "accuracy": 0.9363471971066908,
    "precision": 0.5714285714285714,
    "recall": 0.11049723756906077,
    "f1_score": 0.18518518518518517,
    "roc_auc": 0.7890353727998904,
    "pr_auc": 0.28128824349186743
  }
}