{
  "model_name": "multi_layer_perceptron",
  "optimization_type": "nested_cross_validation",
  "configuration": {
    "outer_cv_folds": 5,
    "n_trials_per_fold": 30,
    "data_source": "ANA",
    "classification_type": "binary",
    "timestamp": "2025-11-18T00:16:41.170290"
  },
  "aggregated_metrics": {
    "accuracy": {
      "mean": 0.952606959386662,
      "std": 0.0008397602915414601,
      "scores": [
        0.9512879367508289,
        0.9523080846722775,
        0.9530612244897959,
        0.9538265306122449,
        0.9525510204081633
      ]
    },
    "precision": {
      "mean": 0.7046753246753247,
      "std": 0.17475851079813323,
      "scores": [
        0.4,
        0.7142857142857143,
        0.6666666666666666,
        0.9090909090909091,
        0.8333333333333334
      ]
    },
    "recall": {
      "mean": 0.03373990531885269,
      "std": 0.016574049729370394,
      "scores": [
        0.010526315789473684,
        0.02631578947368421,
        0.05291005291005291,
        0.05263157894736842,
        0.02631578947368421
      ]
    },
    "f1": {
      "mean": 0.06396727064886927,
      "std": 0.0305088643546701,
      "scores": [
        0.020512820512820513,
        0.050761421319796954,
        0.09803921568627451,
        0.09950248756218906,
        0.05102040816326531
      ]
    },
    "roc_auc": {
      "mean": 0.6598240222842339,
      "std": 0.014364149819305108,
      "scores": [
        0.6637059346301966,
        0.6750969826066104,
        0.6573836538993334,
        0.6336108367433329,
        0.6693227035416961
      ]
    },
    "param_importances": {
      "max_iter": 0.5958247533119817,
      "activation": 0.2713618582899756,
      "learning_rate": 0.04059225619754906,
      "layer_0_size": 0.0345214343252115,
      "n_layers": 0.0314956843653038,
      "alpha": 0.020210833271108383,
      "learning_rate_init": 0.003214767003029753,
      "solver": 0.0027784132358402536
    }
  },
  "best_params_per_fold": [
    {
      "hidden_layer_sizes": [
        155,
        107
      ],
      "activation": "tanh",
      "alpha": 0.00122324238462017,
      "learning_rate": "adaptive",
      "max_iter": 519,
      "early_stopping": true
    },
    {
      "hidden_layer_sizes": [
        193
      ],
      "activation": "tanh",
      "alpha": 1.0008914177749717e-05,
      "learning_rate": "invscaling",
      "max_iter": 311,
      "early_stopping": true
    },
    {
      "hidden_layer_sizes": [
        174
      ],
      "activation": "tanh",
      "alpha": 0.006136403736403434,
      "learning_rate": "constant",
      "max_iter": 839,
      "early_stopping": true
    },
    {
      "hidden_layer_sizes": [
        159
      ],
      "activation": "tanh",
      "alpha": 2.4910420325328387e-05,
      "learning_rate": "constant",
      "max_iter": 472,
      "early_stopping": true
    },
    {
      "hidden_layer_sizes": [
        116
      ],
      "activation": "tanh",
      "alpha": 0.006445398272019943,
      "learning_rate": "invscaling",
      "max_iter": 284,
      "early_stopping": true
    }
  ],
  "trials": [],
  "test_predictions": {},
  "nested_cv_summary": {
    "mean_accuracy": 0.952606959386662,
    "std_accuracy": 0.0008397602915414601,
    "mean_f1": 0.06396727064886927,
    "std_f1": 0.0305088643546701,
    "mean_roc_auc": 0.6598240222842339,
    "std_roc_auc": 0.014364149819305108
  }
}