{
  "model_name": "multi_layer_perceptron",
  "optimization_type": "nested_cross_validation",
  "configuration": {
    "outer_cv_folds": 5,
    "n_trials_per_fold": 30,
    "data_source": "ANA",
    "classification_type": "binary",
    "timestamp": "2025-11-09T20:45:23.066375"
  },
  "aggregated_metrics": {
    "accuracy": {
      "mean": 0.6747826086956521,
      "std": 0.008448666296689477,
      "scores": [
        0.6678260869565218,
        0.6643478260869565,
        0.6869565217391305,
        0.6817391304347826,
        0.6730434782608695
      ]
    },
    "precision": {
      "mean": 0.560018323733942,
      "std": 0.07966269281069387,
      "scores": [
        0.4897959183673469,
        0.47368421052631576,
        0.6923076923076923,
        0.5443037974683544,
        0.6
      ]
    },
    "recall": {
      "mean": 0.12106934001670844,
      "std": 0.06827373942769997,
      "scores": [
        0.12631578947368421,
        0.14210526315789473,
        0.09473684210526316,
        0.22631578947368422,
        0.015873015873015872
      ]
    },
    "f1": {
      "mean": 0.18735148116275097,
      "std": 0.09335184009953956,
      "scores": [
        0.200836820083682,
        0.21862348178137653,
        0.16666666666666666,
        0.31970260223048325,
        0.030927835051546393
      ]
    },
    "roc_auc": {
      "mean": 0.5938883512229571,
      "std": 0.022549805552257152,
      "scores": [
        0.5806083390293917,
        0.631455912508544,
        0.6060082023239919,
        0.5842036910457963,
        0.567165611207062
      ]
    }
  },
  "best_params_per_fold": [
    {
      "hidden_layer_sizes": [
        134,
        75
      ],
      "activation": "relu",
      "alpha": 0.008744373098902143,
      "learning_rate": "invscaling",
      "max_iter": 756,
      "early_stopping": true
    },
    {
      "hidden_layer_sizes": [
        126,
        159,
        14
      ],
      "activation": "tanh",
      "alpha": 8.523064130537905e-05,
      "learning_rate": "constant",
      "max_iter": 369,
      "early_stopping": true
    },
    {
      "hidden_layer_sizes": [
        144
      ],
      "activation": "logistic",
      "alpha": 6.620965658466247e-05,
      "learning_rate": "adaptive",
      "max_iter": 450,
      "early_stopping": true
    },
    {
      "hidden_layer_sizes": [
        125,
        76
      ],
      "activation": "tanh",
      "alpha": 0.009137994954969435,
      "learning_rate": "adaptive",
      "max_iter": 639,
      "early_stopping": true
    },
    {
      "hidden_layer_sizes": [
        84
      ],
      "activation": "logistic",
      "alpha": 0.0029293761328674337,
      "learning_rate": "invscaling",
      "max_iter": 522,
      "early_stopping": true
    }
  ],
  "nested_cv_summary": {
    "mean_accuracy": 0.6747826086956521,
    "std_accuracy": 0.008448666296689477,
    "mean_f1": 0.18735148116275097,
    "std_f1": 0.09335184009953956,
    "mean_roc_auc": 0.5938883512229571,
    "std_roc_auc": 0.022549805552257152
  }
}