{
  "model_name": "catboost",
  "optimization_type": "nested_cross_validation",
  "configuration": {
    "outer_cv_folds": 5,
    "n_trials_per_fold": 30,
    "data_source": "ANA",
    "classification_type": "binary",
    "timestamp": "2025-10-27T02:58:08.112311"
  },
  "aggregated_metrics": {
    "accuracy": {
      "mean": 0.6643478260869565,
      "std": 0.009899303979657548,
      "scores": [
        0.6504347826086957,
        0.6747826086956522,
        0.6660869565217391,
        0.6747826086956522,
        0.6556521739130434
      ]
    },
    "precision": {
      "mean": 0.4855715946387583,
      "std": 0.028468413276063507,
      "scores": [
        0.44761904761904764,
        0.5172413793103449,
        0.4891304347826087,
        0.5151515151515151,
        0.45871559633027525
      ]
    },
    "recall": {
      "mean": 0.2508047897521582,
      "std": 0.013423803793113637,
      "scores": [
        0.24736842105263157,
        0.23684210526315788,
        0.23684210526315788,
        0.26842105263157895,
        0.26455026455026454
      ]
    },
    "f1": {
      "mean": 0.33024287950569753,
      "std": 0.012881352525524113,
      "scores": [
        0.31864406779661014,
        0.3249097472924188,
        0.3191489361702128,
        0.35294117647058826,
        0.33557046979865773
      ]
    },
    "roc_auc": {
      "mean": 0.6159072242284678,
      "std": 0.014669054834783228,
      "scores": [
        0.6058304853041695,
        0.6377990430622009,
        0.621784005468216,
        0.6193916609706083,
        0.5947309263371439
      ]
    }
  },
  "best_params_per_fold": [
    {
      "iterations": 399,
      "learning_rate": 0.29719492840958023,
      "depth": 4,
      "l2_leaf_reg": 3.249847192829138,
      "border_count": 37,
      "bagging_temperature": 0.3926674855838339,
      "random_strength": 0.6043486567215819
    },
    {
      "iterations": 279,
      "learning_rate": 0.27183632392739265,
      "depth": 5,
      "l2_leaf_reg": 4.911251192396815,
      "border_count": 192,
      "bagging_temperature": 0.27856405120701844,
      "random_strength": 0.5936937666622412
    },
    {
      "iterations": 981,
      "learning_rate": 0.24582723394536582,
      "depth": 6,
      "l2_leaf_reg": 4.199519496302724,
      "border_count": 201,
      "bagging_temperature": 0.29200807353499203,
      "random_strength": 0.0030919309229537895
    },
    {
      "iterations": 800,
      "learning_rate": 0.10981071750039416,
      "depth": 4,
      "l2_leaf_reg": 2.8361355224037754,
      "border_count": 236,
      "bagging_temperature": 0.01066930184778947,
      "random_strength": 0.9845403247462214
    },
    {
      "iterations": 513,
      "learning_rate": 0.2620918281397366,
      "depth": 4,
      "l2_leaf_reg": 4.362328976841156,
      "border_count": 144,
      "bagging_temperature": 0.5224647300202838,
      "random_strength": 0.6059857696464664
    }
  ],
  "nested_cv_summary": {
    "mean_accuracy": 0.6643478260869565,
    "std_accuracy": 0.009899303979657548,
    "mean_f1": 0.33024287950569753,
    "std_f1": 0.012881352525524113,
    "mean_roc_auc": 0.6159072242284678,
    "std_roc_auc": 0.014669054834783228
  }
}