{
  "model_name": "xgboost",
  "optimization_type": "nested_cross_validation",
  "configuration": {
    "outer_cv_folds": 5,
    "n_trials_per_fold": 30,
    "data_source": "ana",
    "classification_type": "binary",
    "timestamp": "2025-11-14T16:14:04.275947"
  },
  "aggregated_metrics": {
    "accuracy": {
      "mean": 0.6758260869565218,
      "std": 0.004992243511098213,
      "scores": [
        0.6834782608695652,
        0.671304347826087,
        0.671304347826087,
        0.68,
        0.6730434782608695
      ]
    },
    "precision": {
      "mean": 0.5347550999724913,
      "std": 0.027599223597972563,
      "scores": [
        0.5714285714285714,
        0.5151515151515151,
        0.5076923076923077,
        0.5652173913043478,
        0.5142857142857142
      ]
    },
    "recall": {
      "mean": 0.13273182957393484,
      "std": 0.035340514340051504,
      "scores": [
        0.16842105263157894,
        0.08947368421052632,
        0.1736842105263158,
        0.1368421052631579,
        0.09523809523809523
      ]
    },
    "f1": {
      "mean": 0.2105011535031837,
      "std": 0.04635701219720073,
      "scores": [
        0.2601626016260163,
        0.15246636771300448,
        0.25882352941176473,
        0.22033898305084745,
        0.16071428571428573
      ]
    },
    "roc_auc": {
      "mean": 0.6068793580748858,
      "std": 0.009228664704019703,
      "scores": [
        0.6096855775803145,
        0.6207245386192753,
        0.5919275461380725,
        0.6068284347231716,
        0.6052306933135949
      ]
    }
  },
  "best_params_per_fold": [
    {
      "n_estimators": 468,
      "learning_rate": 0.01443478224473249,
      "max_depth": 7,
      "min_child_weight": 8,
      "subsample": 0.6217767485436893,
      "colsample_bytree": 0.8229038426364461,
      "reg_alpha": 0.3687458387793805,
      "reg_lambda": 7.0897023629423215,
      "gamma": 3.6334441863726696
    },
    {
      "n_estimators": 257,
      "learning_rate": 0.061357813854580605,
      "max_depth": 3,
      "min_child_weight": 3,
      "subsample": 0.9457833241223993,
      "colsample_bytree": 0.8555197976575749,
      "reg_alpha": 0.9239890879566487,
      "reg_lambda": 8.740695583585751,
      "gamma": 4.351790708998803
    },
    {
      "n_estimators": 507,
      "learning_rate": 0.06318133244369646,
      "max_depth": 13,
      "min_child_weight": 5,
      "subsample": 0.9295991722609991,
      "colsample_bytree": 0.9115219889174712,
      "reg_alpha": 0.2786036159419503,
      "reg_lambda": 1.0400497796416337,
      "gamma": 2.826575072807069
    },
    {
      "n_estimators": 884,
      "learning_rate": 0.03439007047243002,
      "max_depth": 6,
      "min_child_weight": 9,
      "subsample": 0.926018546424566,
      "colsample_bytree": 0.8804444565179332,
      "reg_alpha": 0.3083067402636219,
      "reg_lambda": 6.509574478681188,
      "gamma": 4.98935607224372
    },
    {
      "n_estimators": 264,
      "learning_rate": 0.016717374515246443,
      "max_depth": 15,
      "min_child_weight": 9,
      "subsample": 0.9346761496544412,
      "colsample_bytree": 0.6597858855905159,
      "reg_alpha": 0.9966967656935365,
      "reg_lambda": 8.216513313668134,
      "gamma": 2.8407968523615548
    }
  ],
  "trials": [],
  "test_predictions": {},
  "nested_cv_summary": {
    "mean_accuracy": 0.6758260869565218,
    "std_accuracy": 0.004992243511098213,
    "mean_f1": 0.2105011535031837,
    "std_f1": 0.04635701219720073,
    "mean_roc_auc": 0.6068793580748858,
    "std_roc_auc": 0.009228664704019703
  }
}