{
  "model_name": "histogram_gradient_boosting",
  "optimization_type": "nested_cross_validation",
  "configuration": {
    "outer_cv_folds": 5,
    "n_trials_per_fold": 30,
    "data_source": "ANA",
    "classification_type": "multiclass",
    "timestamp": "2025-11-18T06:05:01.178938"
  },
  "aggregated_metrics": {
    "accuracy": {
      "mean": 0.9515865642354877,
      "std": 0.00010583158324260121,
      "scores": [
        0.9517980107115531,
        0.951542973731191,
        0.951530612244898,
        0.951530612244898,
        0.951530612244898
      ]
    },
    "precision": {
      "mean": 0.9108608816259973,
      "std": 0.01053993110654785,
      "scores": [
        0.931933817903596,
        0.9054340308571981,
        0.9061155472908918,
        0.9054105060391504,
        0.9054105060391504
      ]
    },
    "recall": {
      "mean": 0.9515865642354877,
      "std": 0.00010583158324260121,
      "scores": [
        0.9517980107115531,
        0.951542973731191,
        0.951530612244898,
        0.951530612244898,
        0.951530612244898
      ]
    },
    "f1": {
      "mean": 0.9281044300038637,
      "std": 0.0002605762731166669,
      "scores": [
        0.928542507004004,
        0.9279160572376042,
        0.9282679341837402,
        0.9278978257969854,
        0.9278978257969854
      ]
    },
    "roc_auc": {
      "mean": 0.7010901657479247,
      "std": 0.016165630818629022,
      "scores": [
        0.719978978749743,
        0.7042759681383538,
        0.6859201624764459,
        0.7161545504259894,
        0.6791211689490918
      ]
    },
    "param_importances": {
      "learning_rate": 0.716757047244236,
      "max_depth": 0.21144825553727395,
      "max_iter": 0.03592210883049247,
      "min_samples_leaf": 0.01795018932034325,
      "l2_regularization": 0.01792239906765449
    }
  },
  "best_params_per_fold": [
    {
      "max_iter": 77,
      "learning_rate": 0.0281212385977616,
      "max_depth": 10,
      "min_samples_leaf": 13,
      "l2_regularization": 0.8127752757492492
    },
    {
      "max_iter": 161,
      "learning_rate": 0.012799529761626273,
      "max_depth": 3,
      "min_samples_leaf": 14,
      "l2_regularization": 0.3806963727698358
    },
    {
      "max_iter": 140,
      "learning_rate": 0.06257390194696513,
      "max_depth": 5,
      "min_samples_leaf": 38,
      "l2_regularization": 0.9455359156771191
    },
    {
      "max_iter": 108,
      "learning_rate": 0.011026191007394399,
      "max_depth": 3,
      "min_samples_leaf": 2,
      "l2_regularization": 0.7300224425570042
    },
    {
      "max_iter": 143,
      "learning_rate": 0.011561548535384483,
      "max_depth": 3,
      "min_samples_leaf": 14,
      "l2_regularization": 0.5811056916081949
    }
  ],
  "trials": [],
  "test_predictions": {},
  "nested_cv_summary": {
    "mean_accuracy": 0.9515865642354877,
    "std_accuracy": 0.00010583158324260121,
    "mean_f1": 0.9281044300038637,
    "std_f1": 0.0002605762731166669,
    "mean_roc_auc": 0.7010901657479247,
    "std_roc_auc": 0.016165630818629022
  }
}