{
  "model_name": "K-Nearest Neighbors",
  "timestamp": "20251012_160326",
  "parameters": {
    "algorithm": "auto",
    "leaf_size": 30,
    "metric": "minkowski",
    "metric_params": null,
    "n_jobs": null,
    "n_neighbors": 5,
    "p": 2,
    "weights": "uniform"
  },
  "cv_results": {
    "accuracy": {
      "mean": 0.6256959314775161,
      "std": 0.018390501544825577,
      "scores": [
        0.6466809421841542,
        0.6423982869379015,
        0.5952890792291221,
        0.6252676659528907,
        0.6188436830835118
      ]
    },
    "precision": {
      "mean": 0.3790185880955713,
      "std": 0.04330128859973059,
      "scores": [
        0.43037974683544306,
        0.42528735632183906,
        0.3157894736842105,
        0.36,
        0.36363636363636365
      ]
    },
    "recall": {
      "mean": 0.2077922077922078,
      "std": 0.022116086189514803,
      "scores": [
        0.22077922077922077,
        0.24025974025974026,
        0.19480519480519481,
        0.17532467532467533,
        0.2077922077922078
      ]
    },
    "f1": {
      "mean": 0.2680267922143993,
      "std": 0.02783383926436464,
      "scores": [
        0.2918454935622318,
        0.3070539419087137,
        0.24096385542168675,
        0.23580786026200873,
        0.2644628099173554
      ]
    },
    "roc_auc": {
      "mean": 0.5248495913032654,
      "std": 0.02505189476820234,
      "scores": [
        0.5522281233143853,
        0.5557549479274718,
        0.49817434961204926,
        0.5195842496161985,
        0.49850628604622216
      ]
    },
    "pr_auc": {
      "mean": 0.35468794634262013,
      "std": 0.01805032926121771,
      "scores": [
        0.37121625364437955,
        0.37852591492001547,
        0.3292849509399412,
        0.3511034965857553,
        0.34330911562300903
      ]
    }
  },
  "test_metrics": {
    "accuracy": 0.6284246575342466,
    "precision": 0.39285714285714285,
    "recall": 0.22797927461139897,
    "f1_score": 0.28852459016393445,
    "roc_auc": 0.5558750646011953,
    "pr_auc": 0.3592374255133993
  }
}