{
  "model_name": "Decision Tree",
  "timestamp": "20251013_212653",
  "parameters": {
    "ccp_alpha": 0.0,
    "class_weight": null,
    "criterion": "gini",
    "max_depth": null,
    "max_features": null,
    "max_leaf_nodes": null,
    "min_impurity_decrease": 0.0,
    "min_samples_leaf": 1,
    "min_samples_split": 2,
    "min_weight_fraction_leaf": 0.0,
    "monotonic_cst": null,
    "random_state": 30,
    "splitter": "best"
  },
  "cv_results": {
    "accuracy": {
      "mean": 0.5593147751605996,
      "std": 0.02641395108369896,
      "scores": [
        0.5974304068522484,
        0.5845824411134903,
        0.5331905781584583,
        0.5438972162740899,
        0.5374732334047109
      ]
    },
    "precision": {
      "mean": 0.3406819051958615,
      "std": 0.034061898003196193,
      "scores": [
        0.3819444444444444,
        0.38235294117647056,
        0.3160919540229885,
        0.3167701863354037,
        0.30625
      ]
    },
    "recall": {
      "mean": 0.35714285714285715,
      "std": 0.035802724031403166,
      "scores": [
        0.35714285714285715,
        0.42207792207792205,
        0.35714285714285715,
        0.33116883116883117,
        0.3181818181818182
      ]
    },
    "f1": {
      "mean": 0.3483278745951688,
      "std": 0.03259824312568303,
      "scores": [
        0.3691275167785235,
        0.4012345679012346,
        0.3353658536585366,
        0.3238095238095238,
        0.31210191082802546
      ]
    },
    "roc_auc": {
      "mean": 0.5148520808265216,
      "std": 0.027792493592953767,
      "scores": [
        0.5441786647856934,
        0.5531824405626322,
        0.494305215551222,
        0.4905916766939131,
        0.4920024065391477
      ]
    },
    "pr_auc": {
      "mean": 0.33586699254742164,
      "std": 0.014125016900696851,
      "scores": [
        0.35078696434424483,
        0.3552184863219811,
        0.32479625182959004,
        0.3263638336865281,
        0.322169426554764
      ]
    }
  },
  "test_metrics": {
    "accuracy": 0.6113013698630136,
    "precision": 0.4095744680851064,
    "recall": 0.39896373056994816,
    "f1_score": 0.4041994750656168,
    "roc_auc": 0.5597643878456992,
    "pr_auc": 0.36462638054773266
  }
}