{
  "model_name": "Decision Tree",
  "timestamp": "20250826_221222",
  "parameters": {
    "ccp_alpha": 0.0,
    "class_weight": null,
    "criterion": "gini",
    "max_depth": null,
    "max_features": null,
    "max_leaf_nodes": null,
    "min_impurity_decrease": 0.0,
    "min_samples_leaf": 1,
    "min_samples_split": 2,
    "min_weight_fraction_leaf": 0.0,
    "monotonic_cst": null,
    "random_state": 30,
    "splitter": "best"
  },
  "cv_results": {
    "accuracy": {
      "mean": 0.8900542495479205,
      "std": 0.004889152200577138,
      "scores": [
        0.8820072332730561,
        0.8964737793851718,
        0.8928571428571429,
        0.8878842676311031,
        0.8910488245931284
      ]
    },
    "precision": {
      "mean": 0.18545817762029332,
      "std": 0.015919564886774904,
      "scores": [
        0.16279069767441862,
        0.171875,
        0.19736842105263158,
        0.2057142857142857,
        0.1895424836601307
      ]
    },
    "recall": {
      "mean": 0.19972602739726028,
      "std": 0.030847183949631537,
      "scores": [
        0.19310344827586207,
        0.15172413793103448,
        0.20689655172413793,
        0.2482758620689655,
        0.19863013698630136
      ]
    },
    "f1": {
      "mean": 0.19176568954445788,
      "std": 0.0218121040376853,
      "scores": [
        0.17665615141955837,
        0.16117216117216118,
        0.20202020202020202,
        0.225,
        0.1939799331103679
      ]
    },
    "roc_auc": {
      "mean": 0.5507122070052711,
      "std": 0.013435368406958529,
      "scores": [
        0.5474801061007957,
        0.5318886275294863,
        0.545876916403917,
        0.572899254291577,
        0.5554161307005795
      ]
    },
    "pr_auc": {
      "mean": 0.09130640001460996,
      "std": 0.006787775033062038,
      "scores": [
        0.08576816237601045,
        0.082602935208803,
        0.09340741229984609,
        0.10216394899295379,
        0.09258954119543647
      ]
    }
  },
  "test_metrics": {
    "accuracy": 0.8871609403254973,
    "precision": 0.19248826291079812,
    "recall": 0.2265193370165746,
    "f1_score": 0.20812182741116753,
    "roc_auc": 0.5590801019448197,
    "pr_auc": 0.09543756146305915
  }
}