{
  "model_name": "gradient_boosting",
  "optimization_type": "nested_cross_validation",
  "configuration": {
    "outer_cv_folds": 5,
    "n_trials_per_fold": 30,
    "data_source": "ANA",
    "classification_type": "multiclass",
    "timestamp": "2025-11-18T05:57:46.722066"
  },
  "aggregated_metrics": {
    "accuracy": {
      "mean": 0.9518416272400314,
      "std": 0.00019615303161990886,
      "scores": [
        0.9520530476919153,
        0.9520530476919153,
        0.9517857142857142,
        0.951530612244898,
        0.9517857142857142
      ]
    },
    "precision": {
      "mean": 0.920117901972431,
      "std": 0.008962557379845628,
      "scores": [
        0.9221083977503602,
        0.9258173310161885,
        0.9061272008165348,
        0.914619533031492,
        0.9319170472475798
      ]
    },
    "recall": {
      "mean": 0.9518416272400314,
      "std": 0.00019615303161990886,
      "scores": [
        0.9520530476919153,
        0.9520530476919153,
        0.9517857142857142,
        0.951530612244898,
        0.9517857142857142
      ]
    },
    "f1": {
      "mean": 0.9289574897203938,
      "std": 0.0005921132347642103,
      "scores": [
        0.9297332875265082,
        0.9296255518491937,
        0.9283954248366013,
        0.928508750628611,
        0.9285244337610543
      ]
    },
    "roc_auc": {
      "mean": 0.7102293558592429,
      "std": 0.02311601965655675,
      "scores": [
        0.7368728453012412,
        0.7122351579188041,
        0.6830734492299135,
        0.7341737011515669,
        0.6847916256946884
      ]
    },
    "param_importances": {
      "learning_rate": 0.8587445033515674,
      "max_features": 0.05591203590969378,
      "min_samples_leaf": 0.024551046557685727,
      "max_depth": 0.023636146260790095,
      "min_samples_split": 0.014560815772381415,
      "n_estimators": 0.011573811844863172,
      "subsample": 0.011021640303018476
    }
  },
  "best_params_per_fold": [
    {
      "n_estimators": 300,
      "learning_rate": 0.010519506914238978,
      "max_depth": 6,
      "min_samples_split": 8,
      "min_samples_leaf": 1,
      "subsample": 0.8013451587006857,
      "max_features": "log2"
    },
    {
      "n_estimators": 250,
      "learning_rate": 0.012430972452662557,
      "max_depth": 4,
      "min_samples_split": 10,
      "min_samples_leaf": 6,
      "subsample": 0.8971428917663696,
      "max_features": "sqrt"
    },
    {
      "n_estimators": 200,
      "learning_rate": 0.011210620039285826,
      "max_depth": 5,
      "min_samples_split": 17,
      "min_samples_leaf": 20,
      "subsample": 0.8949236049905346,
      "max_features": "sqrt"
    },
    {
      "n_estimators": 250,
      "learning_rate": 0.010896391911544569,
      "max_depth": 5,
      "min_samples_split": 20,
      "min_samples_leaf": 12,
      "subsample": 0.963451598643865,
      "max_features": "log2"
    },
    {
      "n_estimators": 100,
      "learning_rate": 0.01792812645209702,
      "max_depth": 8,
      "min_samples_split": 12,
      "min_samples_leaf": 4,
      "subsample": 0.9318529221109402,
      "max_features": "log2"
    }
  ],
  "trials": [],
  "test_predictions": {},
  "nested_cv_summary": {
    "mean_accuracy": 0.9518416272400314,
    "std_accuracy": 0.00019615303161990886,
    "mean_f1": 0.9289574897203938,
    "std_f1": 0.0005921132347642103,
    "mean_roc_auc": 0.7102293558592429,
    "std_roc_auc": 0.02311601965655675
  }
}