{
  "model_name": "Multi-Layer Perceptron",
  "timestamp": "20250826_222234",
  "parameters": {
    "activation": "relu",
    "alpha": 0.0001,
    "batch_size": "auto",
    "beta_1": 0.9,
    "beta_2": 0.999,
    "early_stopping": false,
    "epsilon": 1e-08,
    "hidden_layer_sizes": [
      100
    ],
    "learning_rate": "constant",
    "learning_rate_init": 0.001,
    "max_fun": 15000,
    "max_iter": 1000,
    "momentum": 0.9,
    "n_iter_no_change": 10,
    "nesterovs_momentum": true,
    "power_t": 0.5,
    "random_state": 30,
    "shuffle": true,
    "solver": "adam",
    "tol": 0.0001,
    "validation_fraction": 0.1,
    "verbose": false,
    "warm_start": false
  },
  "cv_results": {
    "accuracy": {
      "mean": 0.9118444846292949,
      "std": 0.005233199323142073,
      "scores": [
        0.916365280289331,
        0.9086799276672695,
        0.909132007233273,
        0.9195298372513563,
        0.9055153707052441
      ]
    },
    "precision": {
      "mean": 0.24408585419172996,
      "std": 0.03881064690411209,
      "scores": [
        0.2826086956521739,
        0.21782178217821782,
        0.24074074074074073,
        0.2911392405063291,
        0.18811881188118812
      ]
    },
    "recall": {
      "mean": 0.15982050070854983,
      "std": 0.01848139449240169,
      "scores": [
        0.1793103448275862,
        0.15172413793103448,
        0.1793103448275862,
        0.15862068965517243,
        0.13013698630136986
      ]
    },
    "f1": {
      "mean": 0.19260159297190987,
      "std": 0.023406662688059597,
      "scores": [
        0.21940928270042195,
        0.17886178861788618,
        0.20553359683794467,
        0.20535714285714285,
        0.15384615384615385
      ]
    },
    "roc_auc": {
      "mean": 0.6217108045742865,
      "std": 0.012055292765537344,
      "scores": [
        0.6246384064861619,
        0.6068314899154197,
        0.6347079725739453,
        0.6339789466659993,
        0.6083972072299062
      ]
    },
    "pr_auc": {
      "mean": 0.17419098409628214,
      "std": 0.022819492238451596,
      "scores": [
        0.19451711753154263,
        0.14519119881451525,
        0.20676363113472218,
        0.16345568636119734,
        0.1610272866394332
      ]
    }
  },
  "test_metrics": {
    "accuracy": 0.9092224231464738,
    "precision": 0.2569444444444444,
    "recall": 0.20441988950276244,
    "f1_score": 0.2276923076923077,
    "roc_auc": 0.6341649846911722,
    "pr_auc": 0.16744470847014256
  }
}