{
  "model_name": "Histogram Gradient Boosting",
  "timestamp": "20250826_221740",
  "parameters": {
    "categorical_features": "from_dtype",
    "class_weight": null,
    "early_stopping": "auto",
    "interaction_cst": null,
    "l2_regularization": 0.0,
    "learning_rate": 0.1,
    "loss": "log_loss",
    "max_bins": 255,
    "max_depth": null,
    "max_features": 1.0,
    "max_iter": 100,
    "max_leaf_nodes": 31,
    "min_samples_leaf": 20,
    "monotonic_cst": null,
    "n_iter_no_change": 10,
    "random_state": 30,
    "scoring": "loss",
    "tol": 1e-07,
    "validation_fraction": 0.1,
    "verbose": 0,
    "warm_start": false
  },
  "cv_results": {
    "accuracy": {
      "mean": 0.9349909584086799,
      "std": 0.00232985510429023,
      "scores": [
        0.9380650994575045,
        0.9317359855334539,
        0.9344484629294756,
        0.9371609403254972,
        0.9335443037974683
      ]
    },
    "precision": {
      "mean": 0.5594627594627595,
      "std": 0.135279331365278,
      "scores": [
        0.7222222222222222,
        0.38461538461538464,
        0.5,
        0.7142857142857143,
        0.47619047619047616
      ]
    },
    "recall": {
      "mean": 0.07714690599905526,
      "std": 0.010214413174033009,
      "scores": [
        0.0896551724137931,
        0.06896551724137931,
        0.0896551724137931,
        0.06896551724137931,
        0.0684931506849315
      ]
    },
    "f1": {
      "mean": 0.13481233859422653,
      "std": 0.017514170802591496,
      "scores": [
        0.15950920245398773,
        0.11695906432748537,
        0.15204678362573099,
        0.12578616352201258,
        0.11976047904191617
      ]
    },
    "roc_auc": {
      "mean": 0.7340932813809962,
      "std": 0.01456431507605296,
      "scores": [
        0.7325842884073203,
        0.7271708122716581,
        0.7522362911432527,
        0.7470430242063293,
        0.7114319908764205
      ]
    },
    "pr_auc": {
      "mean": 0.2460673385194591,
      "std": 0.03580270192651271,
      "scores": [
        0.27758740347772964,
        0.21201534411802753,
        0.24353124036190327,
        0.2946276505783094,
        0.20257505406132584
      ]
    }
  },
  "test_metrics": {
    "accuracy": 0.9363471971066908,
    "precision": 0.5862068965517241,
    "recall": 0.09392265193370165,
    "f1_score": 0.1619047619047619,
    "roc_auc": 0.7574470177719241,
    "pr_auc": 0.24281326258548286
  }
}