{
  "model_name": "xgboost",
  "optimization_type": "nested_cross_validation",
  "configuration": {
    "outer_cv_folds": 5,
    "n_trials_per_fold": 30,
    "data_source": "ANA",
    "classification_type": "binary",
    "timestamp": "2025-11-18T00:34:19.196750"
  },
  "aggregated_metrics": {
    "accuracy": {
      "mean": 0.7953337080815495,
      "std": 0.14026977997817522,
      "scores": [
        0.7975006375924509,
        0.6618209640397857,
        0.9494897959183674,
        0.9520408163265306,
        0.6158163265306122
      ]
    },
    "precision": {
      "mean": 0.2516892949410266,
      "std": 0.21476733316348093,
      "scores": [
        0.10158311345646438,
        0.08840579710144927,
        0.36363636363636365,
        0.625,
        0.07982120051085569
      ]
    },
    "recall": {
      "mean": 0.3590142021720969,
      "std": 0.2718936030811294,
      "scores": [
        0.4052631578947368,
        0.6421052631578947,
        0.06349206349206349,
        0.02631578947368421,
        0.6578947368421053
      ]
    },
    "f1": {
      "mean": 0.12376868984742347,
      "std": 0.04112479791588619,
      "scores": [
        0.16244725738396623,
        0.1554140127388535,
        0.10810810810810811,
        0.050505050505050504,
        0.14236902050113895
      ]
    },
    "roc_auc": {
      "mean": 0.679060389038493,
      "std": 0.018175102401818743,
      "scores": [
        0.6680994230416566,
        0.7009430236002765,
        0.6495641408533395,
        0.6860956681247354,
        0.6905996895724564
      ]
    },
    "param_importances": {
      "learning_rate": 0.262724050495118,
      "scale_pos_weight": 0.24972191567839863,
      "max_depth": 0.21419761119939112,
      "n_estimators": 0.08795962502480861,
      "colsample_bytree": 0.06087244784540817,
      "gamma": 0.034581437955063944,
      "subsample": 0.03212831991470834,
      "reg_alpha": 0.03201326478434351,
      "min_child_weight": 0.020927795680345716,
      "reg_lambda": 0.00487353142241405
    }
  },
  "best_params_per_fold": [
    {
      "n_estimators": 536,
      "learning_rate": 0.023074527588125945,
      "max_depth": 5,
      "min_child_weight": 10,
      "subsample": 0.6615018019624629,
      "colsample_bytree": 0.7197001619401341,
      "reg_alpha": 0.5106100215690443,
      "reg_lambda": 5.321405478217941,
      "gamma": 2.9086627655994066,
      "scale_pos_weight": 39.84937648337597
    },
    {
      "n_estimators": 706,
      "learning_rate": 0.010874473652421114,
      "max_depth": 3,
      "min_child_weight": 5,
      "subsample": 0.998700259404656,
      "colsample_bytree": 0.6147916295536382,
      "reg_alpha": 0.6438285235114303,
      "reg_lambda": 6.8575503179891175,
      "gamma": 2.09095859347588,
      "scale_pos_weight": 25.280065814200764
    },
    {
      "n_estimators": 759,
      "learning_rate": 0.01683757092666798,
      "max_depth": 9,
      "min_child_weight": 6,
      "subsample": 0.9861379001831115,
      "colsample_bytree": 0.9881765426610752,
      "reg_alpha": 0.6829476778774074,
      "reg_lambda": 7.22656931593753,
      "gamma": 4.883862083233912,
      "scale_pos_weight": 5.854868580994427
    },
    {
      "n_estimators": 100,
      "learning_rate": 0.023519686431488537,
      "max_depth": 11,
      "min_child_weight": 1,
      "subsample": 0.7461443336728217,
      "colsample_bytree": 0.6018120264655812,
      "reg_alpha": 0.9870577782914602,
      "reg_lambda": 1.029505397689068,
      "gamma": 4.957760674344119,
      "scale_pos_weight": 5.757615127995715
    },
    {
      "n_estimators": 420,
      "learning_rate": 0.02954830825499822,
      "max_depth": 3,
      "min_child_weight": 2,
      "subsample": 0.9529295201824268,
      "colsample_bytree": 0.828913665464844,
      "reg_alpha": 0.760569377898938,
      "reg_lambda": 6.895378457522536,
      "gamma": 0.7995112967877152,
      "scale_pos_weight": 29.760058139811072
    }
  ],
  "trials": [],
  "test_predictions": {},
  "nested_cv_summary": {
    "mean_accuracy": 0.7953337080815495,
    "std_accuracy": 0.14026977997817522,
    "mean_f1": 0.12376868984742347,
    "std_f1": 0.04112479791588619,
    "mean_roc_auc": 0.679060389038493,
    "std_roc_auc": 0.018175102401818743
  }
}