{
  "model_name": "K-Nearest Neighbors",
  "timestamp": "20250826_221742",
  "parameters": {
    "algorithm": "auto",
    "leaf_size": 30,
    "metric": "minkowski",
    "metric_params": null,
    "n_jobs": null,
    "n_neighbors": 5,
    "p": 2,
    "weights": "uniform"
  },
  "cv_results": {
    "accuracy": {
      "mean": 0.9328209764918626,
      "std": 0.0006766107390187758,
      "scores": [
        0.9326401446654611,
        0.9326401446654611,
        0.9335443037974683,
        0.9335443037974683,
        0.9317359855334539
      ]
    },
    "precision": {
      "mean": 0.21944444444444447,
      "std": 0.12184284555256282,
      "scores": [
        0.0,
        0.25,
        0.375,
        0.25,
        0.2222222222222222
      ]
    },
    "recall": {
      "mean": 0.011015588096362777,
      "std": 0.007025816986774434,
      "scores": [
        0.0,
        0.013793103448275862,
        0.020689655172413793,
        0.006896551724137931,
        0.0136986301369863
      ]
    },
    "f1": {
      "mean": 0.020917749505806507,
      "std": 0.013264626924300835,
      "scores": [
        0.0,
        0.026143790849673203,
        0.0392156862745098,
        0.013422818791946308,
        0.025806451612903226
      ]
    },
    "roc_auc": {
      "mean": 0.5635339034085148,
      "std": 0.022606869883233367,
      "scores": [
        0.5251655739619305,
        0.5801511435864071,
        0.5820879835844053,
        0.5500041706287639,
        0.5802606452810672
      ]
    },
    "pr_auc": {
      "mean": 0.08474943257746641,
      "std": 0.0060711124846222694,
      "scores": [
        0.0788741503170094,
        0.08996993379577403,
        0.08882109495563612,
        0.07596626626670991,
        0.09011571755220257
      ]
    }
  },
  "test_metrics": {
    "accuracy": 0.9338155515370705,
    "precision": 0.3333333333333333,
    "recall": 0.011049723756906077,
    "f1_score": 0.0213903743315508,
    "roc_auc": 0.5767280160101259,
    "pr_auc": 0.08670164135888656
  }
}