{
  "params": {
    "max_depth": 3,
    "min_samples_split": 16,
    "min_samples_leaf": 1,
    "criterion": "gini"
  },
  "cv_score": 0.3342329764763744,
  "training_time": 0.0971982479095459,
  "omics_used": [
    "CNA"
  ],
  "accuracy_global": 0.6695205479452054
}