{
  "params": {
    "max_depth": 3,
    "min_samples_split": 16,
    "min_samples_leaf": 1,
    "criterion": "gini"
  },
  "cv_score": 0.36907908742730927,
  "training_time": 0.11994194984436035,
  "omics_used": [
    "Mutations"
  ],
  "accuracy_global": 0.6695205479452054
}