{
  "model_name": "xgboost",
  "optimization_type": "nested_cross_validation",
  "configuration": {
    "outer_cv_folds": 5,
    "n_trials_per_fold": 30,
    "data_source": "ANA",
    "classification_type": "multiclass",
    "timestamp": "2025-11-18T06:28:46.293566"
  },
  "aggregated_metrics": {
    "accuracy": {
      "mean": 0.9515865772475784,
      "std": 9.972186950738592e-05,
      "scores": [
        0.951542973731191,
        0.951542973731191,
        0.9517857142857142,
        0.951530612244898,
        0.951530612244898
      ]
    },
    "precision": {
      "mean": 0.9055632301430825,
      "std": 0.00018633726079292777,
      "scores": [
        0.9054340308571981,
        0.9054340308571981,
        0.9058960459183673,
        0.9056415370434983,
        0.9054105060391504
      ]
    },
    "recall": {
      "mean": 0.9515865772475784,
      "std": 9.972186950738592e-05,
      "scores": [
        0.951542973731191,
        0.951542973731191,
        0.9517857142857142,
        0.951530612244898,
        0.951530612244898
      ]
    },
    "f1": {
      "mean": 0.9280046315158925,
      "std": 0.0001413591867463771,
      "scores": [
        0.9279160572376042,
        0.9279160572376042,
        0.9282740818193701,
        0.9280191354878989,
        0.9278978257969854
      ]
    },
    "roc_auc": {
      "mean": 0.7035359793405493,
      "std": 0.024652239589498734,
      "scores": [
        0.7351400222926114,
        0.7106852181445122,
        0.6723965639316342,
        0.7219786390297142,
        0.6774794533042751
      ]
    },
    "param_importances": {
      "gamma": 0.5792886594751893,
      "n_estimators": 0.1283932921980505,
      "reg_alpha": 0.09365848681581027,
      "scale_pos_weight": 0.05907427925278893,
      "min_child_weight": 0.04992946096099261,
      "subsample": 0.027806872429336552,
      "reg_lambda": 0.024133862966753475,
      "learning_rate": 0.01827649263969694,
      "colsample_bytree": 0.009915255444917837,
      "max_depth": 0.00952333781646369
    }
  },
  "best_params_per_fold": [
    {
      "n_estimators": 689,
      "learning_rate": 0.028355208685346644,
      "max_depth": 11,
      "min_child_weight": 2,
      "subsample": 0.7765123421921147,
      "colsample_bytree": 0.8276331305117991,
      "reg_alpha": 0.32341018304286406,
      "reg_lambda": 1.9321370794064638,
      "gamma": 3.3400433576554835,
      "scale_pos_weight": 48.37424570822033
    },
    {
      "n_estimators": 428,
      "learning_rate": 0.15258784391099509,
      "max_depth": 6,
      "min_child_weight": 3,
      "subsample": 0.9927112450024033,
      "colsample_bytree": 0.8913197837654693,
      "reg_alpha": 0.37225700452355004,
      "reg_lambda": 7.470040052143846,
      "gamma": 3.6659156068665535,
      "scale_pos_weight": 19.45519893956317
    },
    {
      "n_estimators": 132,
      "learning_rate": 0.09969957734702722,
      "max_depth": 7,
      "min_child_weight": 1,
      "subsample": 0.9934164730577173,
      "colsample_bytree": 0.6959855898647558,
      "reg_alpha": 0.005720006404549412,
      "reg_lambda": 1.2591716567770743,
      "gamma": 4.046768611364099,
      "scale_pos_weight": 5.429230682290605
    },
    {
      "n_estimators": 457,
      "learning_rate": 0.22750335093666516,
      "max_depth": 12,
      "min_child_weight": 3,
      "subsample": 0.9044309462736312,
      "colsample_bytree": 0.7719714069141339,
      "reg_alpha": 0.0016656835495616473,
      "reg_lambda": 9.27429643296506,
      "gamma": 3.3119121050188642,
      "scale_pos_weight": 49.897408076553134
    },
    {
      "n_estimators": 107,
      "learning_rate": 0.0498316744367833,
      "max_depth": 7,
      "min_child_weight": 3,
      "subsample": 0.9552095070949269,
      "colsample_bytree": 0.8517031889906236,
      "reg_alpha": 0.9975782900707152,
      "reg_lambda": 1.0093365665391674,
      "gamma": 3.4314685063265253,
      "scale_pos_weight": 46.44794793670494
    }
  ],
  "trials": [],
  "test_predictions": {},
  "nested_cv_summary": {
    "mean_accuracy": 0.9515865772475784,
    "std_accuracy": 9.972186950738592e-05,
    "mean_f1": 0.9280046315158925,
    "std_f1": 0.0001413591867463771,
    "mean_roc_auc": 0.7035359793405493,
    "std_roc_auc": 0.024652239589498734
  }
}