{
  "model_name": "Random Forest",
  "timestamp": "20251013_213233",
  "parameters": {
    "bootstrap": true,
    "ccp_alpha": 0.0,
    "class_weight": null,
    "criterion": "gini",
    "max_depth": null,
    "max_features": "sqrt",
    "max_leaf_nodes": null,
    "max_samples": null,
    "min_impurity_decrease": 0.0,
    "min_samples_leaf": 1,
    "min_samples_split": 2,
    "min_weight_fraction_leaf": 0.0,
    "monotonic_cst": null,
    "n_estimators": 100,
    "n_jobs": null,
    "oob_score": false,
    "random_state": 30,
    "verbose": 0,
    "warm_start": false
  },
  "cv_results": {
    "accuracy": {
      "mean": 0.6788008565310493,
      "std": 0.010749379355898172,
      "scores": [
        0.6937901498929336,
        0.6680942184154176,
        0.6659528907922913,
        0.6873661670235546,
        0.6788008565310493
      ]
    },
    "precision": {
      "mean": 0.5544480540485586,
      "std": 0.07683100516431877,
      "scores": [
        0.6896551724137931,
        0.4878048780487805,
        0.47619047619047616,
        0.5769230769230769,
        0.5416666666666666
      ]
    },
    "recall": {
      "mean": 0.15064935064935064,
      "std": 0.026741896470096112,
      "scores": [
        0.12987012987012986,
        0.12987012987012986,
        0.12987012987012986,
        0.19480519480519481,
        0.16883116883116883
      ]
    },
    "f1": {
      "mean": 0.23529539025010626,
      "std": 0.03401710359185712,
      "scores": [
        0.2185792349726776,
        0.20512820512820512,
        0.20408163265306123,
        0.2912621359223301,
        0.25742574257425743
      ]
    },
    "roc_auc": {
      "mean": 0.6160346043732626,
      "std": 0.021880229465228166,
      "scores": [
        0.6053586988091781,
        0.6366022156756981,
        0.5800485457034977,
        0.6396000165968218,
        0.618563545081117
      ]
    },
    "pr_auc": {
      "mean": 0.4466578115727322,
      "std": 0.024615401800360346,
      "scores": [
        0.45680575589426525,
        0.44330679632033965,
        0.4025052364425821,
        0.47691596091232596,
        0.45375530829414806
      ]
    }
  },
  "test_metrics": {
    "accuracy": 0.6832191780821918,
    "precision": 0.5952380952380952,
    "recall": 0.12953367875647667,
    "f1_score": 0.2127659574468085,
    "roc_auc": 0.6357022646860051,
    "pr_auc": 0.4603640659549372
  }
}