{
  "params": {
    "n_estimators": 150,
    "learning_rate": 0.041901086122355526,
    "max_depth": 4,
    "min_samples_split": 6,
    "min_samples_leaf": 8,
    "subsample": 0.8750118011622728
  },
  "cv_score": 0.46192625244612007,
  "training_time": 16.89209532737732,
  "omics_used": [
    "CNA",
    "Gene_Expression",
    "Mutations"
  ],
  "accuracy_global": 0.6986301369863014
}