{
  "params": {
    "n_estimators": 150,
    "learning_rate": 0.041901086122355526,
    "max_depth": 4,
    "min_samples_split": 6,
    "min_samples_leaf": 8,
    "subsample": 0.8750118011622728
  },
  "cv_score": 0.3666989796483179,
  "training_time": 1.8516099452972412,
  "omics_used": [
    "CNA"
  ],
  "accuracy_global": 0.6506849315068494
}