{
  "params": {
    "n_estimators": 150,
    "learning_rate": 0.041901086122355526,
    "max_depth": 4,
    "min_samples_split": 6,
    "min_samples_leaf": 8,
    "subsample": 0.8750118011622728
  },
  "cv_score": 0.46366070424293726,
  "training_time": 23.068719148635864,
  "omics_used": [
    "CNA",
    "Gene_Expression",
    "DNA_Methylation",
    "Mutations"
  ],
  "accuracy_global": 0.6934931506849316
}