{
  "model_name": "catboost",
  "optimization_type": "nested_cross_validation",
  "configuration": {
    "outer_cv_folds": 5,
    "n_trials_per_fold": 30,
    "data_source": "ANA",
    "classification_type": "multiclass",
    "timestamp": "2025-11-15T14:46:11.046661"
  },
  "aggregated_metrics": {
    "accuracy": {
      "mean": 0.6681739130434783,
      "std": 0.006904150692618874,
      "scores": [
        0.6695652173913044,
        0.6556521739130434,
        0.6765217391304348,
        0.671304347826087,
        0.6678260869565218
      ]
    },
    "precision": {
      "mean": 0.5311922334945794,
      "std": 0.016798710242101396,
      "scores": [
        0.5269596553074813,
        0.5062623174117837,
        0.5587981053878034,
        0.5340042845124415,
        0.5299368048533872
      ]
    },
    "recall": {
      "mean": 0.6681739130434783,
      "std": 0.006904150692618874,
      "scores": [
        0.6695652173913044,
        0.6556521739130434,
        0.6765217391304348,
        0.671304347826087,
        0.6678260869565218
      ]
    },
    "f1": {
      "mean": 0.5595048292663067,
      "std": 0.0021969790925960115,
      "scores": [
        0.5611639851752318,
        0.5580256242035893,
        0.5614145948489707,
        0.5610447416182418,
        0.5558752004855001
      ]
    },
    "roc_auc": {
      "mean": 0.6125467767555918,
      "std": 0.017831880858726924,
      "scores": [
        0.6141630256766426,
        0.5881297382377383,
        0.6427801938372153,
        0.6138000887609896,
        0.6038608372653731
      ]
    }
  },
  "best_params_per_fold": [
    {
      "iterations": 731,
      "learning_rate": 0.0346231263087403,
      "depth": 6,
      "l2_leaf_reg": 6.242974443889487,
      "border_count": 219,
      "bagging_temperature": 0.3782389232491181,
      "random_strength": 0.9711714360370897
    },
    {
      "iterations": 362,
      "learning_rate": 0.07680671526811975,
      "depth": 4,
      "l2_leaf_reg": 1.001054152629556,
      "border_count": 48,
      "bagging_temperature": 0.06855147960904984,
      "random_strength": 0.6724023187156485
    },
    {
      "iterations": 902,
      "learning_rate": 0.014942219394082676,
      "depth": 6,
      "l2_leaf_reg": 5.897974559345653,
      "border_count": 170,
      "bagging_temperature": 0.3084717810053397,
      "random_strength": 0.6931541398976643
    },
    {
      "iterations": 382,
      "learning_rate": 0.040784079862922956,
      "depth": 7,
      "l2_leaf_reg": 6.710319943136405,
      "border_count": 165,
      "bagging_temperature": 0.3536389812081764,
      "random_strength": 0.20545123745179356
    },
    {
      "iterations": 179,
      "learning_rate": 0.041403750593048835,
      "depth": 7,
      "l2_leaf_reg": 1.6965318313229303,
      "border_count": 137,
      "bagging_temperature": 0.09670180491301865,
      "random_strength": 0.0044487532489796144
    }
  ],
  "trials": [],
  "test_predictions": {},
  "nested_cv_summary": {
    "mean_accuracy": 0.6681739130434783,
    "std_accuracy": 0.006904150692618874,
    "mean_f1": 0.5595048292663067,
    "std_f1": 0.0021969790925960115,
    "mean_roc_auc": 0.6125467767555918,
    "std_roc_auc": 0.017831880858726924
  }
}