{
  "params": {
    "hidden_layer_sizes": [
      131,
      115,
      30
    ],
    "activation": "logistic",
    "alpha": 0.07698392854033051,
    "learning_rate": "constant",
    "max_iter": 742
  },
  "cv_score": 0.36219493564668753,
  "training_time": 11.50874638557434,
  "omics_used": [
    "Gene_Expression"
  ],
  "accuracy_global": 0.6695205479452054
}