{
  "params": {
    "hidden_layer_sizes": [
      131,
      115,
      30
    ],
    "activation": "logistic",
    "alpha": 0.07698392854033051,
    "learning_rate": "constant",
    "max_iter": 742
  },
  "cv_score": 0.3528898939586972,
  "training_time": 9.222644567489624,
  "omics_used": [
    "DNA_Methylation"
  ],
  "accuracy_global": 0.6695205479452054
}