{
  "params": {
    "hidden_layer_sizes": [
      131,
      115,
      30
    ],
    "activation": "logistic",
    "alpha": 0.07698392854033051,
    "learning_rate": "constant",
    "max_iter": 742
  },
  "cv_score": 0.4433420982326329,
  "training_time": 12.13224172592163,
  "omics_used": [
    "Mutations"
  ],
  "accuracy_global": 0.6763698630136986
}