{
  "params": {
    "hidden_layer_sizes": [
      131,
      115,
      30
    ],
    "activation": "logistic",
    "alpha": 0.07698392854033051,
    "learning_rate": "constant",
    "max_iter": 742
  },
  "cv_score": 0.37474942249399323,
  "training_time": 11.698344230651855,
  "omics_used": [
    "CNA",
    "Gene_Expression",
    "DNA_Methylation"
  ],
  "accuracy_global": 0.6712328767123288
}