{
  "params": {
    "hidden_layer_sizes": [
      131,
      115,
      30
    ],
    "activation": "logistic",
    "alpha": 0.07698392854033051,
    "learning_rate": "constant",
    "max_iter": 742
  },
  "cv_score": 0.456445919167753,
  "training_time": 9.854142904281616,
  "omics_used": [
    "CNA",
    "Gene_Expression",
    "Mutations"
  ],
  "accuracy_global": 0.6832191780821918
}