{
  "params": {
    "hidden_layer_sizes": [
      131,
      115,
      30
    ],
    "activation": "logistic",
    "alpha": 0.07698392854033051,
    "learning_rate": "constant",
    "max_iter": 742
  },
  "cv_score": 0.44205432625863184,
  "training_time": 14.703574895858765,
  "omics_used": [
    "CNA",
    "DNA_Methylation",
    "Mutations"
  ],
  "accuracy_global": 0.690068493150685
}