{
  "params": {
    "hidden_layer_sizes": [
      131,
      115,
      30
    ],
    "activation": "logistic",
    "alpha": 0.07698392854033051,
    "learning_rate": "constant",
    "max_iter": 742
  },
  "cv_score": 0.34552265840539287,
  "training_time": 7.212929725646973,
  "omics_used": [
    "CNA"
  ],
  "accuracy_global": 0.6695205479452054
}