{
  "params": {
    "hidden_layer_sizes": [
      131,
      115,
      30
    ],
    "activation": "logistic",
    "alpha": 0.07698392854033051,
    "learning_rate": "constant",
    "max_iter": 742
  },
  "cv_score": 0.44552542680204754,
  "training_time": 18.44633984565735,
  "omics_used": [
    "CNA",
    "Gene_Expression",
    "DNA_Methylation",
    "Mutations"
  ],
  "accuracy_global": 0.6815068493150684
}