{
  "model_name": "multi_layer_perceptron",
  "optimization_type": "nested_cross_validation",
  "configuration": {
    "outer_cv_folds": 5,
    "n_trials_per_fold": 30,
    "data_source": "ANA",
    "classification_type": "multiclass",
    "timestamp": "2025-11-15T14:02:52.614792"
  },
  "aggregated_metrics": {
    "accuracy": {
      "mean": 0.6723478260869565,
      "std": 0.011877127707105318,
      "scores": [
        0.6730434782608695,
        0.6660869565217391,
        0.688695652173913,
        0.68,
        0.6539130434782608
      ]
    },
    "precision": {
      "mean": 0.5692429524151675,
      "std": 0.05563421009639077,
      "scores": [
        0.5476237154150198,
        0.49470209339774557,
        0.6297225672877848,
        0.6378658839916427,
        0.5363005019836451
      ]
    },
    "recall": {
      "mean": 0.6723478260869565,
      "std": 0.011877127707105318,
      "scores": [
        0.6730434782608695,
        0.6660869565217391,
        0.688695652173913,
        0.68,
        0.6539130434782608
      ]
    },
    "f1": {
      "mean": 0.5706938164610585,
      "std": 0.01958427665389234,
      "scores": [
        0.5708111866316635,
        0.5423886546392941,
        0.6011660989781608,
        0.5791784616919352,
        0.5599246803642395
      ]
    },
    "roc_auc": {
      "mean": 0.5885788731660164,
      "std": 0.013182890309633561,
      "scores": [
        0.5864825723812281,
        0.5713445379246587,
        0.6075793091521101,
        0.5989040694624682,
        0.5785838769096171
      ]
    }
  },
  "best_params_per_fold": [
    {
      "hidden_layer_sizes": [
        189,
        125,
        197
      ],
      "activation": "tanh",
      "alpha": 0.004577734387740816,
      "learning_rate": "constant",
      "max_iter": 423,
      "early_stopping": true
    },
    {
      "hidden_layer_sizes": [
        174,
        71
      ],
      "activation": "logistic",
      "alpha": 0.0376649650357548,
      "learning_rate": "constant",
      "max_iter": 713,
      "early_stopping": true
    },
    {
      "hidden_layer_sizes": [
        145
      ],
      "activation": "tanh",
      "alpha": 1.8327458705471555e-05,
      "learning_rate": "adaptive",
      "max_iter": 215,
      "early_stopping": true
    },
    {
      "hidden_layer_sizes": [
        175
      ],
      "activation": "tanh",
      "alpha": 0.01718843426852227,
      "learning_rate": "adaptive",
      "max_iter": 456,
      "early_stopping": true
    },
    {
      "hidden_layer_sizes": [
        182
      ],
      "activation": "tanh",
      "alpha": 8.813299363630593e-05,
      "learning_rate": "constant",
      "max_iter": 581,
      "early_stopping": true
    }
  ],
  "trials": [],
  "test_predictions": {},
  "nested_cv_summary": {
    "mean_accuracy": 0.6723478260869565,
    "std_accuracy": 0.011877127707105318,
    "mean_f1": 0.5706938164610585,
    "std_f1": 0.01958427665389234,
    "mean_roc_auc": 0.5885788731660164,
    "std_roc_auc": 0.013182890309633561
  }
}