{
  "model_name": "CatBoost",
  "timestamp": "20251012_160557",
  "parameters": {
    "verbose": false,
    "allow_writing_files": false,
    "random_state": 30
  },
  "cv_results": {
    "accuracy": {
      "mean": 0.6839400428265524,
      "std": 0.009728322648051886,
      "scores": [
        0.6895074946466809,
        0.6702355460385439,
        0.6766595289079229,
        0.6980728051391863,
        0.6852248394004282
      ]
    },
    "precision": {
      "mean": 0.5888183543212004,
      "std": 0.07245163842177257,
      "scores": [
        0.6451612903225806,
        0.5,
        0.5333333333333333,
        0.696969696969697,
        0.5686274509803921
      ]
    },
    "recall": {
      "mean": 0.15714285714285714,
      "std": 0.01899836212769844,
      "scores": [
        0.12987012987012986,
        0.16233766233766234,
        0.15584415584415584,
        0.14935064935064934,
        0.18831168831168832
      ]
    },
    "f1": {
      "mean": 0.24628728393275662,
      "std": 0.021326263763527198,
      "scores": [
        0.21621621621621623,
        0.24509803921568626,
        0.24120603015075376,
        0.24598930481283424,
        0.28292682926829266
      ]
    },
    "roc_auc": {
      "mean": 0.633463341770051,
      "std": 0.017159763296098442,
      "scores": [
        0.6364466204721796,
        0.6467781419858097,
        0.601261358449857,
        0.6492469192149702,
        0.6335836687274387
      ]
    },
    "pr_auc": {
      "mean": 0.4757441866664438,
      "std": 0.021949883778247883,
      "scores": [
        0.4889417041348238,
        0.4633738920196139,
        0.4403362887953422,
        0.5037620019312026,
        0.48230704645123673
      ]
    }
  },
  "test_metrics": {
    "accuracy": 0.6866438356164384,
    "precision": 0.5925925925925926,
    "recall": 0.16580310880829016,
    "f1_score": 0.2591093117408907,
    "roc_auc": 0.6738534116056876,
    "pr_auc": 0.5097712135525534
  }
}