{
  "model_name": "decision_tree",
  "optimization_type": "nested_cross_validation",
  "configuration": {
    "outer_cv_folds": 5,
    "n_trials_per_fold": 30,
    "data_source": "ANA",
    "classification_type": "multiclass",
    "timestamp": "2025-11-17T19:50:00.855387"
  },
  "aggregated_metrics": {
    "accuracy": {
      "mean": 0.6227378740325511,
      "std": 0.10769290274881077,
      "scores": [
        0.5763835756184646,
        0.7612853863810253,
        0.690561224489796,
        0.6408163265306123,
        0.4446428571428571
      ]
    },
    "precision": {
      "mean": 0.9218604803982903,
      "std": 0.001315407829463016,
      "scores": [
        0.9220748369093825,
        0.9241135166300697,
        0.920267552566828,
        0.9219753368378798,
        0.9208711590472913
      ]
    },
    "recall": {
      "mean": 0.6227378740325511,
      "std": 0.10769290274881077,
      "scores": [
        0.5763835756184646,
        0.7612853863810253,
        0.690561224489796,
        0.6408163265306123,
        0.4446428571428571
      ]
    },
    "f1": {
      "mean": 0.7301668710728613,
      "std": 0.08357613451306027,
      "scores": [
        0.7002227142787973,
        0.8305108840873352,
        0.7843667308901264,
        0.749289087469453,
        0.5864449386385941
      ]
    },
    "roc_auc": {
      "mean": 0.6267139046245264,
      "std": 0.020598669001444712,
      "scores": [
        0.6376126990320254,
        0.6526598576485843,
        0.633564394494683,
        0.6176722129687018,
        0.5920603589786373
      ]
    },
    "param_importances": {
      "max_depth": 0.9174013917406229,
      "min_samples_split": 0.02552020110274882,
      "min_samples_leaf": 0.023555970957960304,
      "criterion": 0.018672950092948584,
      "max_features": 0.007582679828004077,
      "splitter": 0.007266806277715254
    }
  },
  "best_params_per_fold": [
    {
      "max_depth": 6,
      "min_samples_split": 3,
      "min_samples_leaf": 4,
      "criterion": "entropy",
      "max_features": null,
      "splitter": "best",
      "class_weight": "balanced"
    },
    {
      "max_depth": 5,
      "min_samples_split": 15,
      "min_samples_leaf": 3,
      "criterion": "gini",
      "max_features": null,
      "splitter": "best",
      "class_weight": "balanced"
    },
    {
      "max_depth": 5,
      "min_samples_split": 14,
      "min_samples_leaf": 14,
      "criterion": "entropy",
      "max_features": null,
      "splitter": "best",
      "class_weight": "balanced"
    },
    {
      "max_depth": 5,
      "min_samples_split": 4,
      "min_samples_leaf": 7,
      "criterion": "entropy",
      "max_features": null,
      "splitter": "best",
      "class_weight": "balanced"
    },
    {
      "max_depth": 7,
      "min_samples_split": 2,
      "min_samples_leaf": 1,
      "criterion": "entropy",
      "max_features": "log2",
      "splitter": "best",
      "class_weight": "balanced"
    }
  ],
  "trials": [],
  "test_predictions": {},
  "nested_cv_summary": {
    "mean_accuracy": 0.6227378740325511,
    "std_accuracy": 0.10769290274881077,
    "mean_f1": 0.7301668710728613,
    "std_f1": 0.08357613451306027,
    "mean_roc_auc": 0.6267139046245264,
    "std_roc_auc": 0.020598669001444712
  }
}