{
  "params": {
    "max_iter": 68,
    "learning_rate": 0.07520558542833868,
    "max_depth": 4,
    "min_samples_leaf": 20,
    "l2_regularization": 0.24633014373667755
  },
  "cv_score": 0.45774816279655195,
  "training_time": 0.5514328479766846,
  "omics_used": [
    "CNA",
    "DNA_Methylation",
    "Mutations"
  ],
  "accuracy_global": 0.6934931506849316
}