{
  "params": {
    "max_iter": 68,
    "learning_rate": 0.07520558542833868,
    "max_depth": 4,
    "min_samples_leaf": 20,
    "l2_regularization": 0.24633014373667755
  },
  "cv_score": 0.38960750967418323,
  "training_time": 0.5867340564727783,
  "omics_used": [
    "CNA",
    "Gene_Expression",
    "DNA_Methylation"
  ],
  "accuracy_global": 0.6592465753424658
}