{
  "params": {
    "max_iter": 68,
    "learning_rate": 0.07520558542833868,
    "max_depth": 4,
    "min_samples_leaf": 20,
    "l2_regularization": 0.24633014373667755
  },
  "cv_score": 0.4657473386180329,
  "training_time": 0.5954906940460205,
  "omics_used": [
    "Gene_Expression",
    "DNA_Methylation",
    "Mutations"
  ],
  "accuracy_global": 0.6746575342465754
}