{
  "params": {
    "max_iter": 68,
    "learning_rate": 0.07520558542833868,
    "max_depth": 4,
    "min_samples_leaf": 20,
    "l2_regularization": 0.24633014373667755
  },
  "cv_score": 0.3752176837049753,
  "training_time": 0.4913151264190674,
  "omics_used": [
    "Gene_Expression"
  ],
  "accuracy_global": 0.6695205479452054
}