{
  "params": {
    "max_iter": 68,
    "learning_rate": 0.07520558542833868,
    "max_depth": 4,
    "min_samples_leaf": 20,
    "l2_regularization": 0.24633014373667755
  },
  "cv_score": 0.37910277618619687,
  "training_time": 0.5374202728271484,
  "omics_used": [
    "DNA_Methylation"
  ],
  "accuracy_global": 0.6541095890410958
}