{
  "model_name": "xgboost",
  "optimization_type": "nested_cross_validation",
  "configuration": {
    "outer_cv_folds": 5,
    "n_trials_per_fold": 30,
    "data_source": "ANA",
    "classification_type": "multiclass",
    "timestamp": "2025-11-15T15:00:04.439745"
  },
  "aggregated_metrics": {
    "accuracy": {
      "mean": 0.6681739130434783,
      "std": 0.005963975025906844,
      "scores": [
        0.6660869565217391,
        0.662608695652174,
        0.671304347826087,
        0.6782608695652174,
        0.662608695652174
      ]
    },
    "precision": {
      "mean": 0.5268708230186173,
      "std": 0.01962276548510778,
      "scores": [
        0.5147449380003138,
        0.5167934114123749,
        0.5402567433330786,
        0.5582852271343319,
        0.5042737952129875
      ]
    },
    "recall": {
      "mean": 0.6681739130434783,
      "std": 0.005963975025906844,
      "scores": [
        0.6660869565217391,
        0.662608695652174,
        0.671304347826087,
        0.6782608695652174,
        0.662608695652174
      ]
    },
    "f1": {
      "mean": 0.555778190328364,
      "std": 0.008078386800062034,
      "scores": [
        0.5572343584305409,
        0.563473487889598,
        0.5474777457500549,
        0.5652447002497559,
        0.5454606593218703
      ]
    },
    "roc_auc": {
      "mean": 0.6108522358535207,
      "std": 0.021663372021198862,
      "scores": [
        0.6246119171092236,
        0.5899351068787859,
        0.643030780861452,
        0.6119645890703177,
        0.5847187853478241
      ]
    }
  },
  "best_params_per_fold": [
    {
      "n_estimators": 127,
      "learning_rate": 0.0373030371392265,
      "max_depth": 6,
      "min_child_weight": 3,
      "subsample": 0.9997361298338717,
      "colsample_bytree": 0.6165161547187299,
      "reg_alpha": 0.17531066514342708,
      "reg_lambda": 3.0526795156939723,
      "gamma": 1.2321644687857054
    },
    {
      "n_estimators": 347,
      "learning_rate": 0.011147778195676219,
      "max_depth": 15,
      "min_child_weight": 4,
      "subsample": 0.7417793652550272,
      "colsample_bytree": 0.7131215892307128,
      "reg_alpha": 0.02289540394081055,
      "reg_lambda": 3.625664442557834,
      "gamma": 0.4161312752800286
    },
    {
      "n_estimators": 315,
      "learning_rate": 0.11581757319377767,
      "max_depth": 12,
      "min_child_weight": 1,
      "subsample": 0.911616707048655,
      "colsample_bytree": 0.755683674018784,
      "reg_alpha": 0.6489076511604308,
      "reg_lambda": 1.9479097115332478,
      "gamma": 3.9455066132603074
    },
    {
      "n_estimators": 651,
      "learning_rate": 0.0632169850265133,
      "max_depth": 11,
      "min_child_weight": 4,
      "subsample": 0.8909331116918807,
      "colsample_bytree": 0.8144542278189509,
      "reg_alpha": 0.5124998695553102,
      "reg_lambda": 2.9041011832307966,
      "gamma": 3.9682090050544048
    },
    {
      "n_estimators": 350,
      "learning_rate": 0.06065329502280939,
      "max_depth": 6,
      "min_child_weight": 3,
      "subsample": 0.8527098898855382,
      "colsample_bytree": 0.7902107433261528,
      "reg_alpha": 0.9194298598166561,
      "reg_lambda": 2.850301210300862,
      "gamma": 2.0936191708024365
    }
  ],
  "trials": [],
  "test_predictions": {},
  "nested_cv_summary": {
    "mean_accuracy": 0.6681739130434783,
    "std_accuracy": 0.005963975025906844,
    "mean_f1": 0.555778190328364,
    "std_f1": 0.008078386800062034,
    "mean_roc_auc": 0.6108522358535207,
    "std_roc_auc": 0.021663372021198862
  }
}