{
  "model_name": "Gradient Boosting",
  "timestamp": "20251013_212752",
  "parameters": {
    "ccp_alpha": 0.0,
    "criterion": "friedman_mse",
    "init": null,
    "learning_rate": 0.1,
    "loss": "log_loss",
    "max_depth": 3,
    "max_features": null,
    "max_leaf_nodes": null,
    "min_impurity_decrease": 0.0,
    "min_samples_leaf": 1,
    "min_samples_split": 2,
    "min_weight_fraction_leaf": 0.0,
    "n_estimators": 100,
    "n_iter_no_change": null,
    "random_state": 30,
    "subsample": 1.0,
    "tol": 0.0001,
    "validation_fraction": 0.1,
    "verbose": 0,
    "warm_start": false
  },
  "cv_results": {
    "accuracy": {
      "mean": 0.6740899357601713,
      "std": 0.015044255306424227,
      "scores": [
        0.6788008565310493,
        0.6552462526766595,
        0.6680942184154176,
        0.7002141327623126,
        0.6680942184154176
      ]
    },
    "precision": {
      "mean": 0.5232607354578557,
      "std": 0.07148897284527538,
      "scores": [
        0.5526315789473685,
        0.43636363636363634,
        0.4909090909090909,
        0.6458333333333334,
        0.49056603773584906
      ]
    },
    "recall": {
      "mean": 0.1675324675324675,
      "std": 0.021497331632788122,
      "scores": [
        0.13636363636363635,
        0.15584415584415584,
        0.17532467532467533,
        0.2012987012987013,
        0.16883116883116883
      ]
    },
    "f1": {
      "mean": 0.2529853400099735,
      "std": 0.03052272441785776,
      "scores": [
        0.21875,
        0.22966507177033493,
        0.2583732057416268,
        0.3069306930693069,
        0.25120772946859904
      ]
    },
    "roc_auc": {
      "mean": 0.6037301356790175,
      "std": 0.020636693769801914,
      "scores": [
        0.6063648811252644,
        0.5868013775362018,
        0.5763453798597569,
        0.6349943985726734,
        0.6141446413011908
      ]
    },
    "pr_auc": {
      "mean": 0.44624457518732485,
      "std": 0.021099612304974605,
      "scores": [
        0.4588013135557587,
        0.4265588534564879,
        0.42036400451649547,
        0.4780161398752178,
        0.44748256453266455
      ]
    }
  },
  "test_metrics": {
    "accuracy": 0.696917808219178,
    "precision": 0.66,
    "recall": 0.17098445595854922,
    "f1_score": 0.2716049382716049,
    "roc_auc": 0.6628943985794362,
    "pr_auc": 0.5118298779054211
  }
}