{
  "model_name": "catboost",
  "optimization_type": "nested_cross_validation",
  "configuration": {
    "outer_cv_folds": 5,
    "n_trials_per_fold": 30,
    "data_source": "ANA",
    "classification_type": "multiclass",
    "timestamp": "2025-11-10T05:34:13.175136"
  },
  "aggregated_metrics": {
    "accuracy": {
      "mean": 0.6695652173913043,
      "std": 0.007540689874323064,
      "scores": [
        0.6730434782608695,
        0.6573913043478261,
        0.68,
        0.671304347826087,
        0.6660869565217391
      ]
    },
    "precision": {
      "mean": 0.534872054068419,
      "std": 0.020346171783617056,
      "scores": [
        0.5386551570929864,
        0.5047016612458615,
        0.568314925721397,
        0.5323323870265225,
        0.5303561392553274
      ]
    },
    "recall": {
      "mean": 0.6695652173913043,
      "std": 0.007540689874323064,
      "scores": [
        0.6730434782608695,
        0.6573913043478261,
        0.68,
        0.671304347826087,
        0.6660869565217391
      ]
    },
    "f1": {
      "mean": 0.5625731372070522,
      "std": 0.006876267307635758,
      "scores": [
        0.571222638693299,
        0.5567603605393192,
        0.5705812686165107,
        0.5587123412371581,
        0.555589076948974
      ]
    },
    "roc_auc": {
      "mean": 0.6048540139474481,
      "std": 0.018224634525156526,
      "scores": [
        0.6103086022434097,
        0.5745276545162875,
        0.6281882979190127,
        0.6147215257479988,
        0.5965239893105319
      ]
    }
  },
  "best_params_per_fold": [
    {
      "iterations": 603,
      "learning_rate": 0.03547626528925636,
      "depth": 4,
      "l2_leaf_reg": 1.0006190203385597,
      "border_count": 166,
      "bagging_temperature": 0.6132323839500201,
      "random_strength": 0.2920524521851262
    },
    {
      "iterations": 140,
      "learning_rate": 0.10524851917001897,
      "depth": 5,
      "l2_leaf_reg": 6.560619328704704,
      "border_count": 34,
      "bagging_temperature": 0.6654907893832801,
      "random_strength": 0.25748194543092695
    },
    {
      "iterations": 292,
      "learning_rate": 0.04454113850461029,
      "depth": 5,
      "l2_leaf_reg": 6.472611221106943,
      "border_count": 81,
      "bagging_temperature": 0.7859353282893501,
      "random_strength": 0.4070796001799717
    },
    {
      "iterations": 190,
      "learning_rate": 0.0737086136600175,
      "depth": 7,
      "l2_leaf_reg": 7.218485840128272,
      "border_count": 91,
      "bagging_temperature": 0.8593467568650831,
      "random_strength": 0.00047130525596683626
    },
    {
      "iterations": 174,
      "learning_rate": 0.09527329043962979,
      "depth": 7,
      "l2_leaf_reg": 3.23739769834864,
      "border_count": 96,
      "bagging_temperature": 0.5422666933434306,
      "random_strength": 0.42845791431901264
    }
  ],
  "nested_cv_summary": {
    "mean_accuracy": 0.6695652173913043,
    "std_accuracy": 0.007540689874323064,
    "mean_f1": 0.5625731372070522,
    "std_f1": 0.006876267307635758,
    "mean_roc_auc": 0.6048540139474481,
    "std_roc_auc": 0.018224634525156526
  }
}